date,country,series_id,description,unit,value
1981-01-01,CAN,NAEXKP02CAQ189S,Private Final Consumption Expenditure (constant prices),index (2015=100),39.85615198893503
1981-04-01,CAN,NAEXKP02CAQ189S,Private Final Consumption Expenditure (constant prices),index (2015=100),39.800451828104016
1981-07-01,CAN,NAEXKP02CAQ189S,Private Final Consumption Expenditure (constant prices),index (2015=100),39.576542299495415
1981-10-01,CAN,NAEXKP02CAQ189S,Private Final Consumption Expenditure (constant prices),index (2015=100),39.653567177336775
1982-01-01,CAN,NAEXKP02CAQ189S,Private Final Consumption Expenditure (constant prices),index (2015=100),39.0468363289585
1982-04-01,CAN,NAEXKP02CAQ189S,Private Final Consumption Expenditure (constant prices),index (2015=100),38.72918334437243
1982-07-01,CAN,NAEXKP02CAQ189S,Private Final Consumption Expenditure (constant prices),index (2015=100),38.58340757888972
1982-10-01,CAN,NAEXKP02CAQ189S,Private Final Consumption Expenditure (constant prices),index (2015=100),38.452303218710135
1983-01-01,CAN,NAEXKP02CAQ189S,Private Final Consumption Expenditure (constant prices),index (2015=100),38.984226959816134
1983-04-01,CAN,NAEXKP02CAQ189S,Private Final Consumption Expenditure (constant prices),index (2015=100),39.44603503139212
1983-07-01,CAN,NAEXKP02CAQ189S,Private Final Consumption Expenditure (constant prices),index (2015=100),39.90895198825264
1983-10-01,CAN,NAEXKP02CAQ189S,Private Final Consumption Expenditure (constant prices),index (2015=100),40.33570222506363
1984-01-01,CAN,NAEXKP02CAQ189S,Private Final Consumption Expenditure (constant prices),index (2015=100),40.66922079910539
1984-04-01,CAN,NAEXKP02CAQ189S,Private Final Consumption Expenditure (constant prices),index (2015=100),41.09435035742358
1984-07-01,CAN,NAEXKP02CAQ189S,Private Final Consumption Expenditure (constant prices),index (2015=100),41.144676689567994
1984-10-01,CAN,NAEXKP02CAQ189S,Private Final Consumption Expenditure (constant prices),index (2015=100),41.86024889356706
1985-01-01,CAN,NAEXKP02CAQ189S,Private Final Consumption Expenditure (constant prices),index (2015=100),42.4025790965741
1985-04-01,CAN,NAEXKP02CAQ189S,Private Final Consumption Expenditure (constant prices),index (2015=100),42.78838587672522
1985-07-01,CAN,NAEXKP02CAQ189S,Private Final Consumption Expenditure (constant prices),index (2015=100),43.597530938965676
1985-10-01,CAN,NAEXKP02CAQ189S,Private Final Consumption Expenditure (constant prices),index (2015=100),44.052003307890104
1986-01-01,CAN,NAEXKP02CAQ189S,Private Final Consumption Expenditure (constant prices),index (2015=100),44.00304175763436
1986-04-01,CAN,NAEXKP02CAQ189S,Private Final Consumption Expenditure (constant prices),index (2015=100),44.503490216433086
1986-07-01,CAN,NAEXKP02CAQ189S,Private Final Consumption Expenditure (constant prices),index (2015=100),45.12369828596189
1986-10-01,CAN,NAEXKP02CAQ189S,Private Final Consumption Expenditure (constant prices),index (2015=100),45.12233350407324
1987-01-01,CAN,NAEXKP02CAQ189S,Private Final Consumption Expenditure (constant prices),index (2015=100),45.54072445181616
1987-04-01,CAN,NAEXKP02CAQ189S,Private Final Consumption Expenditure (constant prices),index (2015=100),46.27105335998639
1987-07-01,CAN,NAEXKP02CAQ189S,Private Final Consumption Expenditure (constant prices),index (2015=100),46.65660424353339
1987-10-01,CAN,NAEXKP02CAQ189S,Private Final Consumption Expenditure (constant prices),index (2015=100),47.21266756429509
1988-01-01,CAN,NAEXKP02CAQ189S,Private Final Consumption Expenditure (constant prices),index (2015=100),47.527335088499704
1988-04-01,CAN,NAEXKP02CAQ189S,Private Final Consumption Expenditure (constant prices),index (2015=100),48.19539582299973
1988-07-01,CAN,NAEXKP02CAQ189S,Private Final Consumption Expenditure (constant prices),index (2015=100),48.49266237812391
1988-10-01,CAN,NAEXKP02CAQ189S,Private Final Consumption Expenditure (constant prices),index (2015=100),49.12430049597027
1989-01-01,CAN,NAEXKP02CAQ189S,Private Final Consumption Expenditure (constant prices),index (2015=100),49.48357932816052
1989-04-01,CAN,NAEXKP02CAQ189S,Private Final Consumption Expenditure (constant prices),index (2015=100),50.13440969131619
1989-07-01,CAN,NAEXKP02CAQ189S,Private Final Consumption Expenditure (constant prices),index (2015=100),49.995628433012875
1989-10-01,CAN,NAEXKP02CAQ189S,Private Final Consumption Expenditure (constant prices),index (2015=100),50.31950823496597
1990-01-01,CAN,NAEXKP02CAQ189S,Private Final Consumption Expenditure (constant prices),index (2015=100),51.115431972660005
1990-04-01,CAN,NAEXKP02CAQ189S,Private Final Consumption Expenditure (constant prices),index (2015=100),50.553483030003456
1990-07-01,CAN,NAEXKP02CAQ189S,Private Final Consumption Expenditure (constant prices),index (2015=100),50.583337633817926
1990-10-01,CAN,NAEXKP02CAQ189S,Private Final Consumption Expenditure (constant prices),index (2015=100),50.42186687661562
1991-01-01,CAN,NAEXKP02CAQ189S,Private Final Consumption Expenditure (constant prices),index (2015=100),49.41849629184496
1991-04-01,CAN,NAEXKP02CAQ189S,Private Final Consumption Expenditure (constant prices),index (2015=100),50.25041615185246
1991-07-01,CAN,NAEXKP02CAQ189S,Private Final Consumption Expenditure (constant prices),index (2015=100),50.22798254955758
1991-10-01,CAN,NAEXKP02CAQ189S,Private Final Consumption Expenditure (constant prices),index (2015=100),50.52132535675186
1992-01-01,CAN,NAEXKP02CAQ189S,Private Final Consumption Expenditure (constant prices),index (2015=100),50.53795863601992
1992-04-01,CAN,NAEXKP02CAQ189S,Private Final Consumption Expenditure (constant prices),index (2015=100),50.747196759325405
1992-07-01,CAN,NAEXKP02CAQ189S,Private Final Consumption Expenditure (constant prices),index (2015=100),51.01844715969697
1992-10-01,CAN,NAEXKP02CAQ189S,Private Final Consumption Expenditure (constant prices),index (2015=100),51.20550757731169
1993-01-01,CAN,NAEXKP02CAQ189S,Private Final Consumption Expenditure (constant prices),index (2015=100),51.479061047120375
1993-04-01,CAN,NAEXKP02CAQ189S,Private Final Consumption Expenditure (constant prices),index (2015=100),51.666292062471186
1993-07-01,CAN,NAEXKP02CAQ189S,Private Final Consumption Expenditure (constant prices),index (2015=100),52.00697574142842
1993-10-01,CAN,NAEXKP02CAQ189S,Private Final Consumption Expenditure (constant prices),index (2015=100),52.137738906135844
1994-01-01,CAN,NAEXKP02CAQ189S,Private Final Consumption Expenditure (constant prices),index (2015=100),52.98671853975162
1994-04-01,CAN,NAEXKP02CAQ189S,Private Final Consumption Expenditure (constant prices),index (2015=100),53.07005553382804
1994-07-01,CAN,NAEXKP02CAQ189S,Private Final Consumption Expenditure (constant prices),index (2015=100),53.30215375376861
1994-10-01,CAN,NAEXKP02CAQ189S,Private Final Consumption Expenditure (constant prices),index (2015=100),53.925603180283
1995-01-01,CAN,NAEXKP02CAQ189S,Private Final Consumption Expenditure (constant prices),index (2015=100),53.905472647425235
1995-04-01,CAN,NAEXKP02CAQ189S,Private Final Consumption Expenditure (constant prices),index (2015=100),54.31993984723825
1995-07-01,CAN,NAEXKP02CAQ189S,Private Final Consumption Expenditure (constant prices),index (2015=100),54.91242578465363
1995-10-01,CAN,NAEXKP02CAQ189S,Private Final Consumption Expenditure (constant prices),index (2015=100),54.93332400732376
1996-01-01,CAN,NAEXKP02CAQ189S,Private Final Consumption Expenditure (constant prices),index (2015=100),55.68429524156
1996-04-01,CAN,NAEXKP02CAQ189S,Private Final Consumption Expenditure (constant prices),index (2015=100),55.79040703340347
1996-07-01,CAN,NAEXKP02CAQ189S,Private Final Consumption Expenditure (constant prices),index (2015=100),56.02412593183682
1996-10-01,CAN,NAEXKP02CAQ189S,Private Final Consumption Expenditure (constant prices),index (2015=100),57.04677406078482
1997-01-01,CAN,NAEXKP02CAQ189S,Private Final Consumption Expenditure (constant prices),index (2015=100),58.02685805458019
1997-04-01,CAN,NAEXKP02CAQ189S,Private Final Consumption Expenditure (constant prices),index (2015=100),58.519885511859314
1997-07-01,CAN,NAEXKP02CAQ189S,Private Final Consumption Expenditure (constant prices),index (2015=100),59.28484576045434
1997-10-01,CAN,NAEXKP02CAQ189S,Private Final Consumption Expenditure (constant prices),index (2015=100),59.69180665987972
1998-01-01,CAN,NAEXKP02CAQ189S,Private Final Consumption Expenditure (constant prices),index (2015=100),59.731555932387
1998-04-01,CAN,NAEXKP02CAQ189S,Private Final Consumption Expenditure (constant prices),index (2015=100),60.459325874515976
1998-07-01,CAN,NAEXKP02CAQ189S,Private Final Consumption Expenditure (constant prices),index (2015=100),60.8012037376258
1998-10-01,CAN,NAEXKP02CAQ189S,Private Final Consumption Expenditure (constant prices),index (2015=100),60.978540084283814
1999-01-01,CAN,NAEXKP02CAQ189S,Private Final Consumption Expenditure (constant prices),index (2015=100),61.86820727795532
1999-04-01,CAN,NAEXKP02CAQ189S,Private Final Consumption Expenditure (constant prices),index (2015=100),62.4916567044697
1999-07-01,CAN,NAEXKP02CAQ189S,Private Final Consumption Expenditure (constant prices),index (2015=100),63.262076080619366
1999-10-01,CAN,NAEXKP02CAQ189S,Private Final Consumption Expenditure (constant prices),index (2015=100),63.8722188837193
2000-01-01,CAN,NAEXKP02CAQ189S,Private Final Consumption Expenditure (constant prices),index (2015=100),64.55571871333483
2000-04-01,CAN,NAEXKP02CAQ189S,Private Final Consumption Expenditure (constant prices),index (2015=100),65.11468219560992
2000-07-01,CAN,NAEXKP02CAQ189S,Private Final Consumption Expenditure (constant prices),index (2015=100),65.9482227341102
2000-10-01,CAN,NAEXKP02CAQ189S,Private Final Consumption Expenditure (constant prices),index (2015=100),66.09689866110632
2001-01-01,CAN,NAEXKP02CAQ189S,Private Final Consumption Expenditure (constant prices),index (2015=100),66.61287151388858
2001-04-01,CAN,NAEXKP02CAQ189S,Private Final Consumption Expenditure (constant prices),index (2015=100),66.73314291782691
2001-07-01,CAN,NAEXKP02CAQ189S,Private Final Consumption Expenditure (constant prices),index (2015=100),66.91645018524783
2001-10-01,CAN,NAEXKP02CAQ189S,Private Final Consumption Expenditure (constant prices),index (2015=100),67.74487279166563
2002-01-01,CAN,NAEXKP02CAQ189S,Private Final Consumption Expenditure (constant prices),index (2015=100),68.7732359447724
2002-04-01,CAN,NAEXKP02CAQ189S,Private Final Consumption Expenditure (constant prices),index (2015=100),69.65462914824388
2002-07-01,CAN,NAEXKP02CAQ189S,Private Final Consumption Expenditure (constant prices),index (2015=100),69.80296387976783
2002-10-01,CAN,NAEXKP02CAQ189S,Private Final Consumption Expenditure (constant prices),index (2015=100),70.49354351543077
2003-01-01,CAN,NAEXKP02CAQ189S,Private Final Consumption Expenditure (constant prices),index (2015=100),70.8111112011488
2003-04-01,CAN,NAEXKP02CAQ189S,Private Final Consumption Expenditure (constant prices),index (2015=100),71.40803267970233
2003-07-01,CAN,NAEXKP02CAQ189S,Private Final Consumption Expenditure (constant prices),index (2015=100),72.03369987678579
2003-10-01,CAN,NAEXKP02CAQ189S,Private Final Consumption Expenditure (constant prices),index (2015=100),72.12019292897973
2004-01-01,CAN,NAEXKP02CAQ189S,Private Final Consumption Expenditure (constant prices),index (2015=100),73.03894703665334
2004-04-01,CAN,NAEXKP02CAQ189S,Private Final Consumption Expenditure (constant prices),index (2015=100),73.36257094200232
2004-07-01,CAN,NAEXKP02CAQ189S,Private Final Consumption Expenditure (constant prices),index (2015=100),74.06040098144877
2004-10-01,CAN,NAEXKP02CAQ189S,Private Final Consumption Expenditure (constant prices),index (2015=100),74.67702649851985
2005-01-01,CAN,NAEXKP02CAQ189S,Private Final Consumption Expenditure (constant prices),index (2015=100),75.73848561242667
2005-04-01,CAN,NAEXKP02CAQ189S,Private Final Consumption Expenditure (constant prices),index (2015=100),76.40049012729577
2005-07-01,CAN,NAEXKP02CAQ189S,Private Final Consumption Expenditure (constant prices),index (2015=100),76.92567525782648
2005-10-01,CAN,NAEXKP02CAQ189S,Private Final Consumption Expenditure (constant prices),index (2015=100),77.66624003016169
2006-01-01,CAN,NAEXKP02CAQ189S,Private Final Consumption Expenditure (constant prices),index (2015=100),78.75439768976545
2006-04-01,CAN,NAEXKP02CAQ189S,Private Final Consumption Expenditure (constant prices),index (2015=100),79.45376310883667
2006-07-01,CAN,NAEXKP02CAQ189S,Private Final Consumption Expenditure (constant prices),index (2015=100),80.29438345338437
2006-10-01,CAN,NAEXKP02CAQ189S,Private Final Consumption Expenditure (constant prices),index (2015=100),81.10344321675679
2007-01-01,CAN,NAEXKP02CAQ189S,Private Final Consumption Expenditure (constant prices),index (2015=100),81.73764030064439
2007-04-01,CAN,NAEXKP02CAQ189S,Private Final Consumption Expenditure (constant prices),index (2015=100),82.96065547062157
2007-07-01,CAN,NAEXKP02CAQ189S,Private Final Consumption Expenditure (constant prices),index (2015=100),83.73235432979187
2007-10-01,CAN,NAEXKP02CAQ189S,Private Final Consumption Expenditure (constant prices),index (2015=100),85.2797610949304
2008-01-01,CAN,NAEXKP02CAQ189S,Private Final Consumption Expenditure (constant prices),index (2015=100),86.00249840384492
2008-04-01,CAN,NAEXKP02CAQ189S,Private Final Consumption Expenditure (constant prices),index (2015=100),86.17906706069057
2008-07-01,CAN,NAEXKP02CAQ189S,Private Final Consumption Expenditure (constant prices),index (2015=100),86.25975978985771
2008-10-01,CAN,NAEXKP02CAQ189S,Private Final Consumption Expenditure (constant prices),index (2015=100),85.250077088852
2009-01-01,CAN,NAEXKP02CAQ189S,Private Final Consumption Expenditure (constant prices),index (2015=100),84.96466707638555
2009-04-01,CAN,NAEXKP02CAQ189S,Private Final Consumption Expenditure (constant prices),index (2015=100),85.6137914621804
2009-07-01,CAN,NAEXKP02CAQ189S,Private Final Consumption Expenditure (constant prices),index (2015=100),86.43308708971777
2009-10-01,CAN,NAEXKP02CAQ189S,Private Final Consumption Expenditure (constant prices),index (2015=100),86.97192003913511
2010-01-01,CAN,NAEXKP02CAQ189S,Private Final Consumption Expenditure (constant prices),index (2015=100),87.94125637555726
2010-04-01,CAN,NAEXKP02CAQ189S,Private Final Consumption Expenditure (constant prices),index (2015=100),88.69726024300795
2010-07-01,CAN,NAEXKP02CAQ189S,Private Final Consumption Expenditure (constant prices),index (2015=100),89.41172356172248
2010-10-01,CAN,NAEXKP02CAQ189S,Private Final Consumption Expenditure (constant prices),index (2015=100),90.26769770251764
2011-01-01,CAN,NAEXKP02CAQ189S,Private Final Consumption Expenditure (constant prices),index (2015=100),90.4649086854293
2011-04-01,CAN,NAEXKP02CAQ189S,Private Final Consumption Expenditure (constant prices),index (2015=100),90.87971708071449
2011-07-01,CAN,NAEXKP02CAQ189S,Private Final Consumption Expenditure (constant prices),index (2015=100),91.27098298842026
2011-10-01,CAN,NAEXKP02CAQ189S,Private Final Consumption Expenditure (constant prices),index (2015=100),91.81749283596132
2012-01-01,CAN,NAEXKP02CAQ189S,Private Final Consumption Expenditure (constant prices),index (2015=100),92.33235680345904
2012-04-01,CAN,NAEXKP02CAQ189S,Private Final Consumption Expenditure (constant prices),index (2015=100),92.45979331231284
2012-07-01,CAN,NAEXKP02CAQ189S,Private Final Consumption Expenditure (constant prices),index (2015=100),93.02472771535085
2012-10-01,CAN,NAEXKP02CAQ189S,Private Final Consumption Expenditure (constant prices),index (2015=100),93.52662625490629
2013-01-01,CAN,NAEXKP02CAQ189S,Private Final Consumption Expenditure (constant prices),index (2015=100),94.152805245198
2013-04-01,CAN,NAEXKP02CAQ189S,Private Final Consumption Expenditure (constant prices),index (2015=100),95.01637098524884
2013-07-01,CAN,NAEXKP02CAQ189S,Private Final Consumption Expenditure (constant prices),index (2015=100),95.68110506389525
2013-10-01,CAN,NAEXKP02CAQ189S,Private Final Consumption Expenditure (constant prices),index (2015=100),96.2514985944879
2014-01-01,CAN,NAEXKP02CAQ189S,Private Final Consumption Expenditure (constant prices),index (2015=100),96.5248814665605
2014-04-01,CAN,NAEXKP02CAQ189S,Private Final Consumption Expenditure (constant prices),index (2015=100),97.40533638248353
2014-07-01,CAN,NAEXKP02CAQ189S,Private Final Consumption Expenditure (constant prices),index (2015=100),98.13037676083519
2014-10-01,CAN,NAEXKP02CAQ189S,Private Final Consumption Expenditure (constant prices),index (2015=100),98.86642069316419
2015-01-01,CAN,NAEXKP02CAQ189S,Private Final Consumption Expenditure (constant prices),index (2015=100),99.03411826773353
2015-04-01,CAN,NAEXKP02CAQ189S,Private Final Consumption Expenditure (constant prices),index (2015=100),99.56595670997149
2015-07-01,CAN,NAEXKP02CAQ189S,Private Final Consumption Expenditure (constant prices),index (2015=100),100.31743973741595
2015-10-01,CAN,NAEXKP02CAQ189S,Private Final Consumption Expenditure (constant prices),index (2015=100),101.08248528487903
2016-01-01,CAN,NAEXKP02CAQ189S,Private Final Consumption Expenditure (constant prices),index (2015=100),101.21631920883594
2016-04-01,CAN,NAEXKP02CAQ189S,Private Final Consumption Expenditure (constant prices),index (2015=100),101.69740482458927
2016-07-01,CAN,NAEXKP02CAQ189S,Private Final Consumption Expenditure (constant prices),index (2015=100),102.39020223082129
2016-10-01,CAN,NAEXKP02CAQ189S,Private Final Consumption Expenditure (constant prices),index (2015=100),103.11319543633996
2017-01-01,CAN,NAEXKP02CAQ189S,Private Final Consumption Expenditure (constant prices),index (2015=100),104.20101190047157
2017-04-01,CAN,NAEXKP02CAQ189S,Private Final Consumption Expenditure (constant prices),index (2015=100),105.53474500116647
2017-07-01,CAN,NAEXKP02CAQ189S,Private Final Consumption Expenditure (constant prices),index (2015=100),106.5471572659495
2017-10-01,CAN,NAEXKP02CAQ189S,Private Final Consumption Expenditure (constant prices),index (2015=100),107.16216210452781
2018-01-01,CAN,NAEXKP02CAQ189S,Private Final Consumption Expenditure (constant prices),index (2015=100),107.8808903666444
2018-04-01,CAN,NAEXKP02CAQ189S,Private Final Consumption Expenditure (constant prices),index (2015=100),108.51321087543508
2018-07-01,CAN,NAEXKP02CAQ189S,Private Final Consumption Expenditure (constant prices),index (2015=100),109.11081474493294
2018-10-01,CAN,NAEXKP02CAQ189S,Private Final Consumption Expenditure (constant prices),index (2015=100),109.12642443778451
2019-01-01,CAN,NAEXKP02CAQ189S,Private Final Consumption Expenditure (constant prices),index (2015=100),109.7166926046308
2019-04-01,CAN,NAEXKP02CAQ189S,Private Final Consumption Expenditure (constant prices),index (2015=100),109.98461634914874
2019-07-01,CAN,NAEXKP02CAQ189S,Private Final Consumption Expenditure (constant prices),index (2015=100),110.51082506609595
2019-10-01,CAN,NAEXKP02CAQ189S,Private Final Consumption Expenditure (constant prices),index (2015=100),111.30342214793639
2020-01-01,CAN,NAEXKP02CAQ189S,Private Final Consumption Expenditure (constant prices),index (2015=100),108.99540537647295
2020-04-01,CAN,NAEXKP02CAQ189S,Private Final Consumption Expenditure (constant prices),index (2015=100),93.58539717498678
2020-07-01,CAN,NAEXKP02CAQ189S,Private Final Consumption Expenditure (constant prices),index (2015=100),105.36798571414559
2020-10-01,CAN,NAEXKP02CAQ189S,Private Final Consumption Expenditure (constant prices),index (2015=100),105.93923223341865
2021-01-01,CAN,NAEXKP02CAQ189S,Private Final Consumption Expenditure (constant prices),index (2015=100),106.24502867534696
2021-04-01,CAN,NAEXKP02CAQ189S,Private Final Consumption Expenditure (constant prices),index (2015=100),106.00073271727648
2021-07-01,CAN,NAEXKP02CAQ189S,Private Final Consumption Expenditure (constant prices),index (2015=100),111.08181568876489
2021-10-01,CAN,NAEXKP02CAQ189S,Private Final Consumption Expenditure (constant prices),index (2015=100),111.72948999380303
2022-01-01,CAN,NAEXKP02CAQ189S,Private Final Consumption Expenditure (constant prices),index (2015=100),112.37656720676488
2022-04-01,CAN,NAEXKP02CAQ189S,Private Final Consumption Expenditure (constant prices),index (2015=100),114.754017256814
2022-07-01,CAN,NAEXKP02CAQ189S,Private Final Consumption Expenditure (constant prices),index (2015=100),114.91736458911322
2022-10-01,CAN,NAEXKP02CAQ189S,Private Final Consumption Expenditure (constant prices),index (2015=100),115.12199657354446
2023-01-01,CAN,NAEXKP02CAQ189S,Private Final Consumption Expenditure (constant prices),index (2015=100),116.6372456654314
2023-04-01,CAN,NAEXKP02CAQ189S,Private Final Consumption Expenditure (constant prices),index (2015=100),116.68057749039642
2023-07-01,CAN,NAEXKP02CAQ189S,Private Final Consumption Expenditure (constant prices),index (2015=100),116.7425897674625
1995-01-01,UK,NAEXKP02GBQ189S,Private Final Consumption Expenditure (constant prices),index (2015=100),61.23720516243881
1995-04-01,UK,NAEXKP02GBQ189S,Private Final Consumption Expenditure (constant prices),index (2015=100),61.66547786698856
1995-07-01,UK,NAEXKP02GBQ189S,Private Final Consumption Expenditure (constant prices),index (2015=100),61.909943852076744
1995-10-01,UK,NAEXKP02GBQ189S,Private Final Consumption Expenditure (constant prices),index (2015=100),62.66711780090348
1996-01-01,UK,NAEXKP02GBQ189S,Private Final Consumption Expenditure (constant prices),index (2015=100),63.392590424980646
1996-04-01,UK,NAEXKP02GBQ189S,Private Final Consumption Expenditure (constant prices),index (2015=100),63.77117739939402
1996-07-01,UK,NAEXKP02GBQ189S,Private Final Consumption Expenditure (constant prices),index (2015=100),64.32930360724497
1996-10-01,UK,NAEXKP02GBQ189S,Private Final Consumption Expenditure (constant prices),index (2015=100),65.22517085185117
1997-01-01,UK,NAEXKP02GBQ189S,Private Final Consumption Expenditure (constant prices),index (2015=100),66.42128622028763
1997-04-01,UK,NAEXKP02GBQ189S,Private Final Consumption Expenditure (constant prices),index (2015=100),67.21625790246965
1997-07-01,UK,NAEXKP02GBQ189S,Private Final Consumption Expenditure (constant prices),index (2015=100),68.11242996750615
1997-10-01,UK,NAEXKP02GBQ189S,Private Final Consumption Expenditure (constant prices),index (2015=100),68.85314361309753
1998-01-01,UK,NAEXKP02GBQ189S,Private Final Consumption Expenditure (constant prices),index (2015=100),69.389322749968
1998-04-01,UK,NAEXKP02GBQ189S,Private Final Consumption Expenditure (constant prices),index (2015=100),70.03371313958947
1998-07-01,UK,NAEXKP02GBQ189S,Private Final Consumption Expenditure (constant prices),index (2015=100),71.18380062305296
1998-10-01,UK,NAEXKP02GBQ189S,Private Final Consumption Expenditure (constant prices),index (2015=100),71.15514750260623
1999-01-01,UK,NAEXKP02GBQ189S,Private Final Consumption Expenditure (constant prices),index (2015=100),71.87147551377484
1999-04-01,UK,NAEXKP02GBQ189S,Private Final Consumption Expenditure (constant prices),index (2015=100),73.24499637263688
1999-07-01,UK,NAEXKP02GBQ189S,Private Final Consumption Expenditure (constant prices),index (2015=100),74.0183258042687
1999-10-01,UK,NAEXKP02GBQ189S,Private Final Consumption Expenditure (constant prices),index (2015=100),74.55389530027861
2000-01-01,UK,NAEXKP02GBQ189S,Private Final Consumption Expenditure (constant prices),index (2015=100),75.60583060519048
2000-04-01,UK,NAEXKP02GBQ189S,Private Final Consumption Expenditure (constant prices),index (2015=100),76.40446013253592
2000-07-01,UK,NAEXKP02GBQ189S,Private Final Consumption Expenditure (constant prices),index (2015=100),77.33111424060087
2000-10-01,UK,NAEXKP02GBQ189S,Private Final Consumption Expenditure (constant prices),index (2015=100),78.0861544464156
2001-01-01,UK,NAEXKP02GBQ189S,Private Final Consumption Expenditure (constant prices),index (2015=100),78.22606702391622
2001-04-01,UK,NAEXKP02GBQ189S,Private Final Consumption Expenditure (constant prices),index (2015=100),78.69518566612409
2001-07-01,UK,NAEXKP02GBQ189S,Private Final Consumption Expenditure (constant prices),index (2015=100),79.88154678079144
2001-10-01,UK,NAEXKP02GBQ189S,Private Final Consumption Expenditure (constant prices),index (2015=100),80.52929019514605
2002-01-01,UK,NAEXKP02GBQ189S,Private Final Consumption Expenditure (constant prices),index (2015=100),80.60549530271717
2002-04-01,UK,NAEXKP02GBQ189S,Private Final Consumption Expenditure (constant prices),index (2015=100),80.92464229322506
2002-07-01,UK,NAEXKP02GBQ189S,Private Final Consumption Expenditure (constant prices),index (2015=100),81.74521889155099
2002-10-01,UK,NAEXKP02GBQ189S,Private Final Consumption Expenditure (constant prices),index (2015=100),82.4792264876761
2003-01-01,UK,NAEXKP02GBQ189S,Private Final Consumption Expenditure (constant prices),index (2015=100),83.00290798690492
2003-04-01,UK,NAEXKP02GBQ189S,Private Final Consumption Expenditure (constant prices),index (2015=100),84.00210935737756
2003-07-01,UK,NAEXKP02GBQ189S,Private Final Consumption Expenditure (constant prices),index (2015=100),84.59986222116551
2003-10-01,UK,NAEXKP02GBQ189S,Private Final Consumption Expenditure (constant prices),index (2015=100),85.09519542037786
2004-01-01,UK,NAEXKP02GBQ189S,Private Final Consumption Expenditure (constant prices),index (2015=100),85.57955508409995
2004-04-01,UK,NAEXKP02GBQ189S,Private Final Consumption Expenditure (constant prices),index (2015=100),86.28887222537203
2004-07-01,UK,NAEXKP02GBQ189S,Private Final Consumption Expenditure (constant prices),index (2015=100),86.74518840950796
2004-10-01,UK,NAEXKP02GBQ189S,Private Final Consumption Expenditure (constant prices),index (2015=100),87.44261755399893
2005-01-01,UK,NAEXKP02GBQ189S,Private Final Consumption Expenditure (constant prices),index (2015=100),88.3451908480714
2005-04-01,UK,NAEXKP02GBQ189S,Private Final Consumption Expenditure (constant prices),index (2015=100),88.28148337814193
2005-07-01,UK,NAEXKP02GBQ189S,Private Final Consumption Expenditure (constant prices),index (2015=100),89.27154013570605
2005-10-01,UK,NAEXKP02GBQ189S,Private Final Consumption Expenditure (constant prices),index (2015=100),89.82478921667246
2006-01-01,UK,NAEXKP02GBQ189S,Private Final Consumption Expenditure (constant prices),index (2015=100),89.32549335186641
2006-04-01,UK,NAEXKP02GBQ189S,Private Final Consumption Expenditure (constant prices),index (2015=100),89.2471545012833
2006-07-01,UK,NAEXKP02GBQ189S,Private Final Consumption Expenditure (constant prices),index (2015=100),89.81381568118222
2006-10-01,UK,NAEXKP02GBQ189S,Private Final Consumption Expenditure (constant prices),index (2015=100),89.92873298339948
2007-01-01,UK,NAEXKP02GBQ189S,Private Final Consumption Expenditure (constant prices),index (2015=100),90.87276185599063
2007-04-01,UK,NAEXKP02GBQ189S,Private Final Consumption Expenditure (constant prices),index (2015=100),91.80185452749785
2007-07-01,UK,NAEXKP02GBQ189S,Private Final Consumption Expenditure (constant prices),index (2015=100),93.58962635111656
2007-10-01,UK,NAEXKP02GBQ189S,Private Final Consumption Expenditure (constant prices),index (2015=100),93.46647889728162
2008-01-01,UK,NAEXKP02GBQ189S,Private Final Consumption Expenditure (constant prices),index (2015=100),93.93620718035005
2008-04-01,UK,NAEXKP02GBQ189S,Private Final Consumption Expenditure (constant prices),index (2015=100),92.82879455712639
2008-07-01,UK,NAEXKP02GBQ189S,Private Final Consumption Expenditure (constant prices),index (2015=100),91.33913711432595
2008-10-01,UK,NAEXKP02GBQ189S,Private Final Consumption Expenditure (constant prices),index (2015=100),89.11852027970323
2009-01-01,UK,NAEXKP02GBQ189S,Private Final Consumption Expenditure (constant prices),index (2015=100),88.78504672897196
2009-04-01,UK,NAEXKP02GBQ189S,Private Final Consumption Expenditure (constant prices),index (2015=100),88.72987423109046
2009-07-01,UK,NAEXKP02GBQ189S,Private Final Consumption Expenditure (constant prices),index (2015=100),89.22124476470911
2009-10-01,UK,NAEXKP02GBQ189S,Private Final Consumption Expenditure (constant prices),index (2015=100),89.88636294358993
2010-01-01,UK,NAEXKP02GBQ189S,Private Final Consumption Expenditure (constant prices),index (2015=100),89.44650706268938
2010-04-01,UK,NAEXKP02GBQ189S,Private Final Consumption Expenditure (constant prices),index (2015=100),91.61957191018772
2010-07-01,UK,NAEXKP02GBQ189S,Private Final Consumption Expenditure (constant prices),index (2015=100),91.69547219732856
2010-10-01,UK,NAEXKP02GBQ189S,Private Final Consumption Expenditure (constant prices),index (2015=100),91.54367162304686
2011-01-01,UK,NAEXKP02GBQ189S,Private Final Consumption Expenditure (constant prices),index (2015=100),90.74504209570142
2011-04-01,UK,NAEXKP02GBQ189S,Private Final Consumption Expenditure (constant prices),index (2015=100),90.52800994933884
2011-07-01,UK,NAEXKP02GBQ189S,Private Final Consumption Expenditure (constant prices),index (2015=100),90.83161109790223
2011-10-01,UK,NAEXKP02GBQ189S,Private Final Consumption Expenditure (constant prices),index (2015=100),90.99103218294104
2012-01-01,UK,NAEXKP02GBQ189S,Private Final Consumption Expenditure (constant prices),index (2015=100),91.00322500015241
2012-04-01,UK,NAEXKP02GBQ189S,Private Final Consumption Expenditure (constant prices),index (2015=100),91.72168675433302
2012-07-01,UK,NAEXKP02GBQ189S,Private Final Consumption Expenditure (constant prices),index (2015=100),92.77331723881461
2012-10-01,UK,NAEXKP02GBQ189S,Private Final Consumption Expenditure (constant prices),index (2015=100),93.86000207277893
2013-01-01,UK,NAEXKP02GBQ189S,Private Final Consumption Expenditure (constant prices),index (2015=100),93.3546097993672
2013-04-01,UK,NAEXKP02GBQ189S,Private Final Consumption Expenditure (constant prices),index (2015=100),94.277910882699
2013-07-01,UK,NAEXKP02GBQ189S,Private Final Consumption Expenditure (constant prices),index (2015=100),95.38898135108607
2013-10-01,UK,NAEXKP02GBQ189S,Private Final Consumption Expenditure (constant prices),index (2015=100),95.6956307039523
2014-01-01,UK,NAEXKP02GBQ189S,Private Final Consumption Expenditure (constant prices),index (2015=100),95.9830763697106
2014-04-01,UK,NAEXKP02GBQ189S,Private Final Consumption Expenditure (constant prices),index (2015=100),96.46072998396644
2014-07-01,UK,NAEXKP02GBQ189S,Private Final Consumption Expenditure (constant prices),index (2015=100),97.995500850449
2014-10-01,UK,NAEXKP02GBQ189S,Private Final Consumption Expenditure (constant prices),index (2015=100),98.55210295614853
2015-01-01,UK,NAEXKP02GBQ189S,Private Final Consumption Expenditure (constant prices),index (2015=100),99.03067103169522
2015-04-01,UK,NAEXKP02GBQ189S,Private Final Consumption Expenditure (constant prices),index (2015=100),99.6061720040724
2015-07-01,UK,NAEXKP02GBQ189S,Private Final Consumption Expenditure (constant prices),index (2015=100),100.82210070047735
2015-10-01,UK,NAEXKP02GBQ189S,Private Final Consumption Expenditure (constant prices),index (2015=100),100.54105626375502
2016-01-01,UK,NAEXKP02GBQ189S,Private Final Consumption Expenditure (constant prices),index (2015=100),102.61261590796862
2016-04-01,UK,NAEXKP02GBQ189S,Private Final Consumption Expenditure (constant prices),index (2015=100),103.45635885899615
2016-07-01,UK,NAEXKP02GBQ189S,Private Final Consumption Expenditure (constant prices),index (2015=100),104.31625729282878
2016-10-01,UK,NAEXKP02GBQ189S,Private Final Consumption Expenditure (constant prices),index (2015=100),104.32905975090074
2017-01-01,UK,NAEXKP02GBQ189S,Private Final Consumption Expenditure (constant prices),index (2015=100),105.07282160079497
2017-04-01,UK,NAEXKP02GBQ189S,Private Final Consumption Expenditure (constant prices),index (2015=100),105.09080600618175
2017-07-01,UK,NAEXKP02GBQ189S,Private Final Consumption Expenditure (constant prices),index (2015=100),105.77604233346136
2017-10-01,UK,NAEXKP02GBQ189S,Private Final Consumption Expenditure (constant prices),index (2015=100),106.35855417573508
2018-01-01,UK,NAEXKP02GBQ189S,Private Final Consumption Expenditure (constant prices),index (2015=100),107.0294639427913
2018-04-01,UK,NAEXKP02GBQ189S,Private Final Consumption Expenditure (constant prices),index (2015=100),106.90235382336266
2018-07-01,UK,NAEXKP02GBQ189S,Private Final Consumption Expenditure (constant prices),index (2015=100),107.74335339051764
2018-10-01,UK,NAEXKP02GBQ189S,Private Final Consumption Expenditure (constant prices),index (2015=100),108.91294938151934
2019-01-01,UK,NAEXKP02GBQ189S,Private Final Consumption Expenditure (constant prices),index (2015=100),108.81144417823461
2019-04-01,UK,NAEXKP02GBQ189S,Private Final Consumption Expenditure (constant prices),index (2015=100),109.110777840774
2019-07-01,UK,NAEXKP02GBQ189S,Private Final Consumption Expenditure (constant prices),index (2015=100),108.89770836000511
2019-10-01,UK,NAEXKP02GBQ189S,Private Final Consumption Expenditure (constant prices),index (2015=100),108.44535484146289
2020-01-01,UK,NAEXKP02GBQ189S,Private Final Consumption Expenditure (constant prices),index (2015=100),105.36697331601954
2020-04-01,UK,NAEXKP02GBQ189S,Private Final Consumption Expenditure (constant prices),index (2015=100),80.6698124135072
2020-07-01,UK,NAEXKP02GBQ189S,Private Final Consumption Expenditure (constant prices),index (2015=100),96.58082923349855
2020-10-01,UK,NAEXKP02GBQ189S,Private Final Consumption Expenditure (constant prices),index (2015=100),95.03660893367717
2021-01-01,UK,NAEXKP02GBQ189S,Private Final Consumption Expenditure (constant prices),index (2015=100),91.74485310703464
2021-04-01,UK,NAEXKP02GBQ189S,Private Final Consumption Expenditure (constant prices),index (2015=100),102.55713858965683
2021-07-01,UK,NAEXKP02GBQ189S,Private Final Consumption Expenditure (constant prices),index (2015=100),105.5724222860313
2021-10-01,UK,NAEXKP02GBQ189S,Private Final Consumption Expenditure (constant prices),index (2015=100),105.87358487115239
2022-01-01,UK,NAEXKP02GBQ189S,Private Final Consumption Expenditure (constant prices),index (2015=100),106.68623613829094
2022-04-01,UK,NAEXKP02GBQ189S,Private Final Consumption Expenditure (constant prices),index (2015=100),107.10658351165327
2022-07-01,UK,NAEXKP02GBQ189S,Private Final Consumption Expenditure (constant prices),index (2015=100),106.13694972291823
2022-10-01,UK,NAEXKP02GBQ189S,Private Final Consumption Expenditure (constant prices),index (2015=100),106.04824697770543
2023-01-01,UK,NAEXKP02GBQ189S,Private Final Consumption Expenditure (constant prices),index (2015=100),106.89595259432669
2023-04-01,UK,NAEXKP02GBQ189S,Private Final Consumption Expenditure (constant prices),index (2015=100),107.42390157957946
2023-07-01,UK,NAEXKP02GBQ189S,Private Final Consumption Expenditure (constant prices),index (2015=100),106.94015155671795
2007-01-01,USA,PCEC96,Real Personal Consumption Expenditures,index (2015=100),88.48410841775173
2007-04-01,USA,PCEC96,Real Personal Consumption Expenditures,index (2015=100),88.71646231304213
2007-07-01,USA,PCEC96,Real Personal Consumption Expenditures,index (2015=100),89.30802847324237
2007-10-01,USA,PCEC96,Real Personal Consumption Expenditures,index (2015=100),89.66038352898357
2008-01-01,USA,PCEC96,Real Personal Consumption Expenditures,index (2015=100),89.53721750276264
2008-04-01,USA,PCEC96,Real Personal Consumption Expenditures,index (2015=100),89.78407703283283
2008-07-01,USA,PCEC96,Real Personal Consumption Expenditures,index (2015=100),89.09202638443095
2008-10-01,USA,PCEC96,Real Personal Consumption Expenditures,index (2015=100),88.2905241281454
2009-01-01,USA,PCEC96,Real Personal Consumption Expenditures,index (2015=100),88.06608239728033
2009-04-01,USA,PCEC96,Real Personal Consumption Expenditures,index (2015=100),87.63302326440078
2009-07-01,USA,PCEC96,Real Personal Consumption Expenditures,index (2015=100),88.22247951408758
2009-10-01,USA,PCEC96,Real Personal Consumption Expenditures,index (2015=100),88.1251598916561
2010-01-01,USA,PCEC96,Real Personal Consumption Expenditures,index (2015=100),88.63602197471798
2010-04-01,USA,PCEC96,Real Personal Consumption Expenditures,index (2015=100),89.4309307606491
2010-07-01,USA,PCEC96,Real Personal Consumption Expenditures,index (2015=100),90.06891495214458
2010-10-01,USA,PCEC96,Real Personal Consumption Expenditures,index (2015=100),90.62092029021818
2011-01-01,USA,PCEC96,Real Personal Consumption Expenditures,index (2015=100),90.96720935323329
2011-04-01,USA,PCEC96,Real Personal Consumption Expenditures,index (2015=100),91.06057289345215
2011-07-01,USA,PCEC96,Real Personal Consumption Expenditures,index (2015=100),91.33776238715274
2011-10-01,USA,PCEC96,Real Personal Consumption Expenditures,index (2015=100),91.49547819803091
2012-01-01,USA,PCEC96,Real Personal Consumption Expenditures,index (2015=100),92.15508897228897
2012-04-01,USA,PCEC96,Real Personal Consumption Expenditures,index (2015=100),92.31728834300816
2012-07-01,USA,PCEC96,Real Personal Consumption Expenditures,index (2015=100),92.5045429010742
2012-10-01,USA,PCEC96,Real Personal Consumption Expenditures,index (2015=100),92.87298602448021
2013-01-01,USA,PCEC96,Real Personal Consumption Expenditures,index (2015=100),93.47694790894681
2013-04-01,USA,PCEC96,Real Personal Consumption Expenditures,index (2015=100),93.74385158889447
2013-07-01,USA,PCEC96,Real Personal Consumption Expenditures,index (2015=100),94.12495417538102
2013-10-01,USA,PCEC96,Real Personal Consumption Expenditures,index (2015=100),94.95388526834104
2014-01-01,USA,PCEC96,Real Personal Consumption Expenditures,index (2015=100),95.29595451032931
2014-04-01,USA,PCEC96,Real Personal Consumption Expenditures,index (2015=100),96.21112819552539
2014-07-01,USA,PCEC96,Real Personal Consumption Expenditures,index (2015=100),97.16217035944962
2014-10-01,USA,PCEC96,Real Personal Consumption Expenditures,index (2015=100),98.28174162563329
2015-01-01,USA,PCEC96,Real Personal Consumption Expenditures,index (2015=100),99.03550715655271
2015-04-01,USA,PCEC96,Real Personal Consumption Expenditures,index (2015=100),99.71727199120166
2015-07-01,USA,PCEC96,Real Personal Consumption Expenditures,index (2015=100),100.4193447145423
2015-10-01,USA,PCEC96,Real Personal Consumption Expenditures,index (2015=100),100.8278761377033
2016-01-01,USA,PCEC96,Real Personal Consumption Expenditures,index (2015=100),101.58902635541969
2016-04-01,USA,PCEC96,Real Personal Consumption Expenditures,index (2015=100),102.09329496812715
2016-07-01,USA,PCEC96,Real Personal Consumption Expenditures,index (2015=100),102.80327985589308
2016-10-01,USA,PCEC96,Real Personal Consumption Expenditures,index (2015=100),103.33339487238995
2017-01-01,USA,PCEC96,Real Personal Consumption Expenditures,index (2015=100),104.12777618069273
2017-04-01,USA,PCEC96,Real Personal Consumption Expenditures,index (2015=100),104.64444051766655
2017-07-01,USA,PCEC96,Real Personal Consumption Expenditures,index (2015=100),105.35363418898996
2017-10-01,USA,PCEC96,Real Personal Consumption Expenditures,index (2015=100),106.50485411287491
2018-01-01,USA,PCEC96,Real Personal Consumption Expenditures,index (2015=100),107.27602640553006
2018-04-01,USA,PCEC96,Real Personal Consumption Expenditures,index (2015=100),107.85044954280876
2018-07-01,USA,PCEC96,Real Personal Consumption Expenditures,index (2015=100),108.34733346871926
2018-10-01,USA,PCEC96,Real Personal Consumption Expenditures,index (2015=100),108.6859741061232
2019-01-01,USA,PCEC96,Real Personal Consumption Expenditures,index (2015=100),108.85819555178115
2019-04-01,USA,PCEC96,Real Personal Consumption Expenditures,index (2015=100),109.78681991650028
2019-07-01,USA,PCEC96,Real Personal Consumption Expenditures,index (2015=100),111.03324955230333
2019-10-01,USA,PCEC96,Real Personal Consumption Expenditures,index (2015=100),111.76116867943335
2020-01-01,USA,PCEC96,Real Personal Consumption Expenditures,index (2015=100),109.87675485213482
2020-04-01,USA,PCEC96,Real Personal Consumption Expenditures,index (2015=100),100.36817938459184
2020-07-01,USA,PCEC96,Real Personal Consumption Expenditures,index (2015=100),109.29626572213004
2020-10-01,USA,PCEC96,Real Personal Consumption Expenditures,index (2015=100),110.78111524594962
2021-01-01,USA,PCEC96,Real Personal Consumption Expenditures,index (2015=100),113.29902970490262
2021-04-01,USA,PCEC96,Real Personal Consumption Expenditures,index (2015=100),117.25827678333592
2021-07-01,USA,PCEC96,Real Personal Consumption Expenditures,index (2015=100),118.23358291816449
2021-10-01,USA,PCEC96,Real Personal Consumption Expenditures,index (2015=100),119.36976972964133
2022-01-01,USA,PCEC96,Real Personal Consumption Expenditures,index (2015=100),119.48027629278172
2022-04-01,USA,PCEC96,Real Personal Consumption Expenditures,index (2015=100),120.45769233812369
2022-07-01,USA,PCEC96,Real Personal Consumption Expenditures,index (2015=100),121.02288461690618
2022-10-01,USA,PCEC96,Real Personal Consumption Expenditures,index (2015=100),121.26394189306447
2023-01-01,USA,PCEC96,Real Personal Consumption Expenditures,index (2015=100),122.60505376315727
2023-04-01,USA,PCEC96,Real Personal Consumption Expenditures,index (2015=100),123.06343182219781
2023-07-01,USA,PCEC96,Real Personal Consumption Expenditures,index (2015=100),123.99864965727139
2023-10-01,USA,PCEC96,Real Personal Consumption Expenditures,index (2015=100),124.93070262657481
2024-01-01,USA,PCEC96,Real Personal Consumption Expenditures,index (2015=100),125.46872980749701
2024-04-01,USA,PCEC96,Real Personal Consumption Expenditures,index (2015=100),126.67058758370409
2024-07-01,USA,PCEC96,Real Personal Consumption Expenditures,index (2015=100),127.9062039281259
2024-10-01,USA,PCEC96,Real Personal Consumption Expenditures,index (2015=100),129.13364436930817
2025-01-01,USA,PCEC96,Real Personal Consumption Expenditures,index (2015=100),129.3306572634988
2025-04-01,USA,PCEC96,Real Personal Consumption Expenditures,index (2015=100),130.1210824895889
2025-07-01,USA,PCEC96,Real Personal Consumption Expenditures,index (2015=100),131.23010420320546
2025-10-01,USA,PCEC96,Real Personal Consumption Expenditures,index (2015=100),131.8580663197622
2026-01-01,USA,PCEC96,Real Personal Consumption Expenditures,index (2015=100),132.05600229980243
